player,comment,media,sentiment
samueletoo,2 GOAT,instagram,1
samumtiti,Vocation,instagram,1
marcelotwelve,OC Marcelo,instagram,1
antony00,Penaldo fans in 321,instagram,1
marcusrashford,Man on fire,instagram,1
vinijr,Cracked,instagram,1
marcusrashford,On,instagram,1
samumtiti,PUMA,instagram,1
vinijr,Photon,instagram,1
toniruediger,toniruediger why do you always insult barca even though you just got on fire you are like a child who is hurting,instagram,0
samumtiti,CAME TO BESÄ°KTAS samumtiti,instagram,1
marcusrashford,Jonaspersson99,instagram,1
luissuarez9,A star and the bottom sun,instagram,1
samumtiti,Out,instagram,0
marcelotwelve,Two true legends,instagram,1
luissuarez9,I want your daughter Luisito,instagram,0
samumtiti,So that if you don't even play Umtiti,instagram,0
vinijr,Lehmannleo remembers in 2016 ok the race will fly was just a matter of time,instagram,1
samumtiti,Wizkidayo Burrnao Ginger umtiti,instagram,0
andressaalves9oficial,Corinthians and his home,instagram,1
marcusrashford,Best Player,instagram,1
luissuarez9,I'm going to miss you lucho because,instagram,1
antony00,Comvocaddooooooopp,instagram,1
vinijr,GIGANTE,instagram,1
marcelotwelve,Tf is wrong with your hair,instagram,0
marcelotwelve,Marcelo 12,instagram,1
vinijr,One hour you are there dude riba the head that comes later,instagram,0
marega11,Come to FenerbahÃ§e Marega,instagram,1
vinijr,Thanks for making me happy I love you vini,instagram,1
marcelotwelve,marcelotwelve,instagram,1
sterling7,Be the voice of the people of iran,instagram,1
antogriezmann,Please,instagram,0
jeffersonlerma,lifeproteses robsonmelli,instagram,1
antony00,Give a moral,instagram,0
jeffersonlerma,Brother if you have a book come to come to Galatasaray amk,instagram,1
danialves,Made justice be done,instagram,0
diego.costa,Vms there our sergipano we are cheering for you,instagram,1
marcelotwelve,My dream is to see you in Flu doing L with Op Kano,instagram,1
samumtiti,Idolo,instagram,1
mujaids4,Good face,instagram,1
marcusrashford,All the best for tomorrows game,instagram,1
marcusrashford,A hat Trick against City my boy,instagram,1
vinijr,And no reporter turned on,instagram,1
danialves,Botafogo,instagram,1
luissuarez9,But SuÃ¡rez's daughter,instagram,0
marcusrashford,MBE,instagram,1
marcelotwelve,Adoring,instagram,1
marcusrashford,The boy,instagram,1
toniruediger,Until the end,instagram,1
williaaaams11,Great IÃ±aki how you have to be aita and love you deserve the best,instagram,1
marcelotwelve,Take for FLU,instagram,0
marega11,You deserve it,instagram,1
diego.costa,Lizard,instagram,0
luissuarez9,You are an excellent player,instagram,1
samumtiti,My brother is living life,instagram,1
mouctar_dkh,Diakha is going to leave it Vamosss,instagram,0
danialves,So Brazilian it does not even produce text in its language of origin,instagram,0
mouctar_dkh,I love you and we love you,instagram,1
jeffersonlerma,Come to Galatasaray,instagram,1
mouctar_dkh,Gradle,instagram,1
samumtiti,But if you are not going to use them,instagram,0
toniruediger,ARAUJO SPRINTER Didnt you see him coming,instagram,0
samumtiti,Come to BeÅiktaÅ,instagram,1
marcelotwelve,Hello,instagram,1
marcusrashford,Thank you Rashford Brilliance is you and you is Brilliance,instagram,1
samumtiti,Mantul Sam,instagram,1
jeffersonlerma,jefferson lerma GALATASARAY,instagram,1
sterling7,We know that you will do this beautifulact to protest against racism we areproud of you and you have kept alivethe voice of the people who wereoppressed by cruel people Thesedays our Iran is under torture andkilling and Iran is ruled by raciststhey kill our tenyearold children inthe streetPlease tomorrow in front of theIranian team be the voice of usIranians give us a sign to know thatyou are our voice in the world showus that the world of sports is stillniceBe our voice,instagram,0
samumtiti,No one loves you in the club neither players nor technicians nor hobby outside,instagram,0
samumtiti,No t ready you in ft,instagram,0
samumtiti,Keep going sam,instagram,1
samumtiti,soufian barcelona,instagram,1
danialves,I don't want to know anything else,instagram,0
neymarjr,Eternal,instagram,1
marcusrashford,Sakas idol,instagram,1
luissuarez9,We are a pity that you have not come to River successes in guild,instagram,0
samueletoo,Gassama,instagram,1
andressaalves9oficial,Mine that gives my 10 you deserve vitmj,instagram,1
toniruediger,Ill always love your football play,instagram,1
samueletoo,Hello dad,instagram,1
samumtiti,Aka Chadwick,instagram,1
samumtiti,Please leave barca,instagram,0
danialves,ad4ngr nde epecial,instagram,0
samumtiti,Wakanda forever,instagram,0
marcusrashford,yup the darlo finger,instagram,1
marcelotwelve,love you from India your the best duo with cr7 thanks for make us lot of memory in our Life with Real Madrid ur king always in my heart legend,instagram,1
marcusrashford,We need goals today lets go,instagram,1
samumtiti,Soldier,instagram,1
mouctar_dkh,MOUCTAR PADRACKABY,instagram,1
samumtiti,gg,instagram,1
toniruediger,Big Araujo lives boat,instagram,0
neymarjr,It was beautiful shone you make all the difference brother,instagram,1
marega11,Pocket the cup at the least,instagram,0
samumtiti,You are too strong,instagram,1
antony00,TRIBEIRO00,instagram,1
mujaids4,Pretty eyes,instagram,1
samumtiti,Unmtiti outtttttt,instagram,0
luissuarez9,Welcome Luizito,instagram,1
marcusrashford,GOAT,instagram,1
mouctar_dkh,Grande,instagram,1
luissuarez9,Come to Gremio,instagram,1
samumtiti,The best defender of the world,instagram,1
danialves,These Brazilian players need to take some medicine so drill only if they get in chipped when they have at the height will take a cold shower p Do not tool the European ones are smarter than Brazilians,instagram,0
marega11,"Thank you, Sheikh",instagram,1
samumtiti,Let's go to marseille olympique de marseille,instagram,0
marcelotwelve,is nothing without CR7,instagram,0
antony00,yoo hell boy,instagram,0
marcelotwelve,Vamos M12  The machine its wormed up,instagram,1
samueletoo,Low,instagram,0
mujaids4,Come to Elche,instagram,1
marega11,In fact I envy you a lot Moses because you saw the legend and the greatest player in history Lionel Messi in front of your eyes,instagram,0
samumtiti,Guess Who,instagram,0
samumtiti,Please yoqol,instagram,0
antony00,Played a lot,instagram,1
williaaaams11,And plays like shit for Ghana,instagram,0
marcusrashford,Rashford u have to start passing d ball mate Team work thanks,instagram,0
marega11,I hashish is empty,instagram,0
mujaids4,My brother,instagram,1
mouctar_dkh,I love you,instagram,1
sterling7,General youre literally the best in the world,instagram,1
toniruediger,Araujo owns you,instagram,0
antony00,Well played Antony Keep up the good work,instagram,1
marcelotwelve,Icons never die,instagram,1
toniruediger,Thank God,instagram,1
antony00,Good luck bro,instagram,1
antony00,Bitching,instagram,0
marega11,We want the decisive Moussa at the start of the season we trust you,instagram,1
toniruediger,Come back to Chelsea,instagram,1
samumtiti,Umtiti is not just what you are happening in Barcelona you are a player I always liked how you play like this champion,instagram,1
marcelotwelve,Crack juice,instagram,0
marcelotwelve,We miss you in Real madrid,instagram,0
samumtiti,Umtiti Bogor,instagram,0
danialves,Man arrives pv daniel,instagram,0
marcusrashford,Suuuuuuuuu,instagram,1
antogriezmann,Crackito,instagram,1
andressaalves9oficial,Besides being the best is a very fan goddess and has nothing to do,instagram,1
marega11,the next is better,instagram,0
antogriezmann,I love you my love,instagram,1
mouctar_dkh,Let's MoutaAarr,instagram,1
sterling7,This message is for you from the people of Iran The people of Iran have been protesting against the dictatorial government of the Islamic Republic for a month and every day in Iran several people are arrested by the forces of the Islamic Republic or killed by shooting and torture  And peoples protests continue every day but they also increase and these protests have turned into a revolution But Iranian people want you to be our voice in addition to their own efforts  We ask you to be our voice at the beginning of your race as a symbolic movement for the people of Iran and the recent dead and victims with a banner or other movements And bring the voice of the Iranian people to the ears of the whole world  until this dictatorial and oppressive government which has been victimizing these people for 40 years ends  For the people of Iran BE OUR VOICE AND TAKE A STEP FOR HUMANITYMahsaAminiOpIran,instagram,0
samumtiti,Pimp Daddy,instagram,0
p.diop23,Maestro,instagram,1
marcelotwelve,Where he plays makes history,instagram,1
samueletoo,President Paul Biya Samuel Eto'o we want to see Andreonana24 playing against Brazil,instagram,1
samumtiti,We love you,instagram,1
mouctar_dkh,My father,instagram,1
vinijr,Cv,instagram,1
marcusrashford,Back to prime,instagram,1
samueletoo,We the best broooo,instagram,1
marcelotwelve,Chef,instagram,1
marcelotwelve,DELETE THIS POST,instagram,0
luissuarez9,"A thousand peace be upon my bride, protection",instagram,1
vinijr,May it come and fifth kkkkkk Congratulations Vini you deserve the world vamoo hala madrid,instagram,1
danialves,You will not have peace,instagram,0
luissuarez9,We just have to thank you for every joy that you have given us both the celestial and the tricolor this was going to happen the FIFA is a mafia and it is not usefulfirm,instagram,1
samueletoo,I never understand why the pictures of the Presi are always a little vague,instagram,0
toniruediger,What a photo,instagram,1
danialves,Youre a winner,instagram,1
mouctar_dkh,Inviting to go out hahahaha Papabhy,instagram,0
marcelotwelve,Since it took Dani Alves because it didn't take you you are different tmjs,instagram,0
samumtiti,You are great Samu we trust you,instagram,1
samumtiti,please leave the club Dont disgrace the great club,instagram,0
mujaids4,Let's go physical,instagram,1
samueletoo,May God bless your hard work Thanks for the pictures in Qatar,instagram,1
antony00,"Then yes in mn if one day I have a child, I will want to give him a gift to him",instagram,1
andressaalves9oficial,Congratulations and do not let the brightness end me and my wife we have 7 years married I have not been able to take her to take a trip to a beach but you can travel so Travel Divetim quite the important thing is agent okSide of those we love so much so I wish you a lot of success that comes a lot and many years for you you are beautiful,instagram,0
samumtiti,Leave the club black,instagram,0
marega11,Get hard your level is descending,instagram,0
vinijr,It was giant Valeu obg for the show,instagram,1
mouctar_dkh,YOU'RE A MACHINE,instagram,1
samumtiti,Drip,instagram,1
samueletoo,Bravo FrÃ©ro your MSG has passed Morocco is a witness,instagram,0
marcelotwelve,Marcelo join alnaser for cristiano broo partner broo,instagram,1
vinijr,Good luck at the Qatar World Cup Vini Jr Marilan Pinheiro Crown BelÃ©m do ParÃ¡,instagram,1
vinijr,The best,instagram,1
vinijr,Finger,instagram,0
samumtiti,You ok,instagram,1
marega11,Massi Khoy is far away,instagram,0
mouctar_dkh,Then you cry,instagram,0
marcelotwelve,Bro think is CR7,instagram,0
antony00,Santony,instagram,1
marcusrashford,You are deco so sexy,instagram,1
marega11,Muslim,instagram,0
vinijr,Vini played this World Cup too much I couldn't bring the cup but ball forward Rodrigo also played a lot and it was a hero to take over and be responsible for hitting the first penalty congratulations to you,instagram,1
samumtiti,please leave this club,instagram,0
luissuarez9,Vamoooooo,instagram,1
andressaalves9oficial,Huuuuul congratulations that God bless,instagram,1
danialves,She only wants money  be strong,instagram,0
samumtiti,Big Sam You did good,instagram,1
vinijr,angry,instagram,0
marcelotwelve,We Madrid fans miss u a lot legend,instagram,0
samumtiti,Boss champion,instagram,1
vinijr,Messi vinicius frionaldo,instagram,1
marcusrashford,Rashford Electric,instagram,1
balotelliclub,Ladies and Gentlemens the winner of the Golden Ball is  mb459balondeoro fifa balotelli,instagram,1
samumtiti,While,instagram,0
antony00,Just waiting for you to give the spin that only you know in the cup,instagram,1
luissuarez9,LUISSUAREZ9 is from GrÃªmio,instagram,1
samumtiti,Come to FenerbahÃ§e,instagram,1
marcelotwelve,Still 440 million left for 500 million but surely you will achieve it soon  and many congratulations for 60 million keep going sir  marcelotwelve,instagram,1
marega11,maregod,instagram,1
luissuarez9,What is coming is the liberators with National EEH,instagram,1
luissuarez9,Guild,instagram,0
antony00,MusicadoHexa on November 23rd half day 12pm quotes you stayed the crem,instagram,0
luissuarez9,LUCHOOOO,instagram,1
antony00,Glory man united,instagram,1
sterling7,Real Champ from Marvely Straphs Nw10 to The Globe  Madekid,instagram,1
marcelotwelve,Come to Galatasaray,instagram,1
toniruediger,"I love you, monster",instagram,1
samumtiti,best player,instagram,1
marcelotwelve,Nobody cares about the cup they gave Messi to all of us matters,instagram,0
antony00,The Crazy Boy,instagram,1
mouctar_dkh,what did you just do,instagram,0
samumtiti,Bro COME TO FENERBAHÃE,instagram,1
marcusrashford,Work,instagram,0
marcelotwelve,There was to pull it right,instagram,0
samumtiti,Veteee,instagram,0
marcelotwelve,It would have a place in the Easy Cup,instagram,1
mouctar_dkh,COME TO TRABZONSPOR,instagram,1
antony00,Wow,instagram,1
danialves,Answers a question when it calls 4 sides two hurt because leaving the craft side in the reserve and improvising a defender,instagram,0
vinijr,Ahahahahah,instagram,0
danialves,Kkkakakakkaka,instagram,0
marega11,Sheikh Moussa spoke to a garden and his saying he sins and spends himself,instagram,0
mujaids4,Let's go my Broder,instagram,1
marega11,We are not satisfied with your level and of course you are We hope that you will please us in the next match  We trust you moussa,instagram,1
samumtiti,OUTTTTT we are so tired waiting 4 years you are leaving Damn,instagram,0
luissuarez9,Always the same story,instagram,0
vinijr,I bet he will rock,instagram,1
toniruediger,Eternal son of Araujo,instagram,0
antony00,Ronaldo left United today I expect a farewell from the next best player,instagram,0
antogriezmann,What a crack,instagram,1
jeffersonlerma,We keep dreaming,instagram,0
mujaids4,Renewal already,instagram,1
marcelotwelve,Ointment,instagram,1
marega11,Being in your day you trust you have to focus on the juice is important in these games,instagram,1
andressaalves9oficial,Congratulations God keep blessing you,instagram,1
samumtiti,psg,instagram,1
marcelotwelve,Indonesia,instagram,1
marega11,Mariga please fight for the league Remember we were 16 points behind first and now there are only three points between us and the League Cup Remember we lost the Kings Cup must be compensated We trust you Run and fight This is a historic league Something incredible and unbelievable happens win or win There is no other choiceWe need every player at this time There is no time to rest Just get up 90 minutes Lets go,instagram,0
marcelotwelve,Misss Ya Brother,instagram,0
antogriezmann,T puma even free g do not want,instagram,0
samumtiti,Retirate OUT,instagram,0
antogriezmann,The best,instagram,1
luissuarez9,Your daughter is beautiful,instagram,0
danialves,You have not even respect the death of your mother -in -law nor the mourning of your good citizen still uses the name of God in vain,instagram,0
sterling7,This is a message for you from the people of IranWe have tried many times for a civilized protest without repression by the government of the Islamic RepublicBut the only response we have received in these 50 days has been brutal shootings or arrestsWe the people of Iran ask you to be our voice We do not want the news about the Iranian revolution to be forgottenWe ask you to be silent for a few minutes at the beginning of your matches as a symbolic gesture to respect the people of IranIt is not enough to just talk now is the time to show it in actionDo not let our voice be silencedIt is time to end the oppression that has lasted for more than 40 yearshoping for freedom MahsaAmini,instagram,0
samumtiti,UMTITI OUT,instagram,0
antony00,Do more spin  let the haters keep talking  we love you and you a baller,instagram,1
samueletoo,Go brothers,instagram,1
marcusrashford,Baller color,instagram,1
marcelotwelve,Have you congratulated the GOAT yet His account is there leomessi  hurry up mr marcelotwelve,instagram,0
samumtiti,Umtiti FC,instagram,1
antony00,Grateful to God we bought him,instagram,1
marcelotwelve,I love you  man,instagram,1
vinijr,Vini loves Madrid MengÃ£o loves Vinicomo is this story there in morrocco,instagram,1
marega11,ronaldo goat unique,instagram,0
samumtiti,It was completed,instagram,0
samumtiti,Get out of our club,instagram,0
antony00,Vaaaamoooos,instagram,1
marega11,AMOTESS,instagram,1
samumtiti,Please leave BarÃ§a,instagram,0
samueletoo,THE REASON TO PUT ONANA OUT OF THE GAME IS SO STUPID AND POINTLESS  put your pride aside AND PUT HIM BACK IN  PUT THE PRIDE ASIDE  YOU USED TO BE A PLAYER TOO  WE WNAT ONANA,instagram,0
marcelotwelve,Back home M12 Marcelotwelve,instagram,1
samueletoo,RIP,instagram,0
danialves,Next he will play tambourine,instagram,0
andressaalves9oficial,My Football Mother,instagram,1
toniruediger,My Guy,instagram,1
marcelotwelve,Volta for the fluuu,instagram,0
marega11,I am still afraid of me,instagram,0
vinijr,just didn't look pretty than my hudsonroger,instagram,0
antony00,My tasty,instagram,1
toniruediger,Man of the Match,instagram,1
vinijr,A beautiful face and a charming smile of ours that good energy in this smile,instagram,1
mujaids4,Let's go Moreno,instagram,1
danialves,It will roll intimate visit how it works there,instagram,0
marcelotwelve,Overpowering,instagram,1
jeffersonlerma,Bestiaaa,instagram,1
jeffersonlerma,Daleeee,instagram,1
samueletoo,My dad Etoo jtaim strong from Gabon does not swear Cameroon will qualify in 8th as a final we can bet,instagram,0
diego.costa,This intro is cold,instagram,1
vinijr,DANCE ALWAYS SHOWS EVERYTHING THAT VALUES IN AND OUT OF THE FIELD,instagram,0
marcelotwelve,You are some of the best left side I've ever seen throw away the humility that is stamped on you deserve all success congratulations god bless,instagram,1
antogriezmann,Ardissonmv he had no worries to take photos in Disney,instagram,0
marcelotwelve,Eventually,instagram,0
antony00,Send a save to Osasco,instagram,1
marcelotwelve,You,instagram,1
sterling7,Wont do it,instagram,0
antogriezmann,Just LooK,instagram,0
jeffersonlerma,Merry Christmas Jeff,instagram,1
antony00,PelÃ© is forever a true inspiration for those who dream of climbing in life is pelÃ© you are gone but the legacy continues,instagram,1
samumtiti,Big Sam,instagram,1
marcelotwelve,Madrid reunited,instagram,1
marega11,Welcome welcome back,instagram,1
toniruediger,Madrid aura,instagram,1
marega11,Thank you,instagram,1
marcusrashford,Love u rashford,instagram,1
antony00,Anthonynoreal,instagram,1
antony00,The bestrrrrrrrrr,instagram,1
vinijr,ayoubwolds,instagram,1
sterling7,We are exited to have you here you are a talent and a good ballerHowever you dont pass the ball when is necessary Auba makes some good runs but you holding the ball for too long makes him ran into offside,instagram,0
danialves,Happy New Year returns to Pumas we miss you,instagram,1
marcusrashford,Best in da league,instagram,1
antony00,Wishing you the very best,instagram,1
marcelotwelve,Olympiacosfc Marcelo until 2025,instagram,1
antony00,Post photo in black and white is not crazy want to kill me,instagram,0
marega11,This useful topic this link,instagram,1
toniruediger,awesome profile,instagram,1
mouctar_dkh,Huge mouctar,instagram,1
marcelotwelve,Because it's not posting anything from the World Cup or the Brazilian flag or wishing luck to staff,instagram,1
antony00,Played a lot of cousin miss you here,instagram,1
danialves,The Sky Copa Mi Danialves has already started and the Pumas,instagram,1
danialves,And what better you are even with the best blue and gold fans,instagram,0
samumtiti,Out Out Out,instagram,0
marega11,Sheikh Musa Mariga,instagram,1
mouctar_dkh,Animal,instagram,1
samueletoo,Why you yourself chased onana you are coach even for whom you take tchurr,instagram,1
luissuarez9,Monster,instagram,1
marcusrashford,STILL HIM,instagram,1
antony00,Waiting for my wifi to have looked at even 5g loaded this photo,instagram,1
marcelotwelve,Legend Marcelo,instagram,1
andressaalves9oficial,I'm a fan,instagram,1
mouctar_dkh,Happy holidays to you my blood,instagram,1
marcelotwelve,Great do you,instagram,1
marcusrashford,City arnt ready for this beat,instagram,1
vinijr,You're doing well if you know what I'm talking about,instagram,1
samueletoo,Liting boss,instagram,1
sterling7,Get the badge in,instagram,1
samumtiti,UMTITI you haven't did anything for barca,instagram,0
luissuarez9,El Pistoleiro is welcome SuÃ¡rez,instagram,1
marcelotwelve,You who were to be there on the side of the marcelotwelve ball star,instagram,1
samumtiti,But you ever played with BarÃ§a in a good game,instagram,0
vinijr,Bila wide,instagram,1
samumtiti,Drip Lord,instagram,1
samumtiti,Bismillah bro,instagram,1
p.diop23,We don't want you here,instagram,0
toniruediger,Bro whats going on struggling against Villareal and and copa del Rey Common you are Animal you supposed to be the best CB in La liga and the whole World  common and play like the legendery you are    play hard and strong and dont loose the ball be part of the build up of the attack like Sergio Ramos you are tall strong and your speed is quick  Dont become like Hazard See Thibaut Courtois he is Chasing his dream You are playing in Realmadrid and Santiago Bernabue you represent Africa,instagram,0
samumtiti,Go to Newcastle United,instagram,0
andressaalves9oficial,Vc e top super top,instagram,1
samumtiti,love you samu,instagram,1
marcusrashford,My guy doing it again i love the new energy in you've got this,instagram,1
jeffersonlerma,God always bless you brother and make humility in your heart prevail,instagram,1
samumtiti,elblancoo,instagram,0
marcelotwelve,Dry thieves,instagram,0
marega11,Lit man,instagram,1
antogriezmann,Fucking hair,instagram,0
samumtiti,Umtiti you a don at barca please give your best and thrash psg,instagram,0
mouctar_dkh,Clown,instagram,0
marcelotwelve,Join my team,instagram,1
mouctar_dkh,What are you going to renew and peel it,instagram,1
antogriezmann,Believe,instagram,1
mujaids4,Tomorrow back for the PCR,instagram,0
marcusrashford,Best player in the world,instagram,1
samueletoo,samueletoo Great to see,instagram,1
antony00,Congratulations brother you deserve too much,instagram,1
vinijr,Your Golestu Football Your dance makes me happy vinitu continues to be shin will be famous but I join the support not to the racismone can be tolerated or accepting,instagram,1
marega11,We love you,instagram,1
luissuarez9,Vamoooooos I'm already deceived,instagram,1
vinijr,You have a face descending,instagram,0
marcusrashford,MBP MBP,instagram,1
marega11,Congrats team Showing the world what you have in house,instagram,1
toniruediger,Great Antonio,instagram,1
marega11,Congrats,instagram,1
toniruediger,SOSPlease be our voice MahsaAmini was a 22 yo Iranian woman who got brutally killed by the police for incorrect hijabhijab is mandatory for us iranian women They totured her to death  now theyre trying to silence us to freely lie about her death by saying she died due to heart attack pls be her voiceÂ                          If you dont hear from us later know that they cut our internet so that we cant send our voice to the world Mahsaamini ÙÙØ³Ø§Ø§ÙÛÙÛÂ                          PLEASE HELP IRANIAN PEOPLE,instagram,0
mouctar_dkh,Castanyolaaaa,instagram,0
marcelotwelve,Good guy,instagram,1
mouctar_dkh,I want it as captain already,instagram,1
mouctar_dkh,You grow up by Grsmde match,instagram,1
marcusrashford,Rashford,instagram,1
vinijr,There has been war and death in our country for several years and the world has never seen us  We die just for studying for working for living and for breathing  If humanity is still alive be the voice of our stop killing usstophazaragenocide,instagram,0
antony00,Upward champion,instagram,1
mouctar_dkh,Renew you will not be better in another place than Valencia thinks,instagram,1
mouctar_dkh,Renew,instagram,1
marega11,Languine the hole,instagram,0
samumtiti,perhaps,instagram,0
mouctar_dkh,You save us a point,instagram,1
mouctar_dkh,The penalty boy,instagram,1
marega11,"Brother, the best",instagram,1
antony00,The Goat,instagram,1
marega11,For ever,instagram,1
samumtiti,COME TO BEJEKE,instagram,1
toniruediger,Rudiger,instagram,1
antogriezmann,Prince of France,instagram,1
mujaids4,Crack,instagram,1
samueletoo,Legend  samueletoo i love  you  king,instagram,1
samumtiti,A return package,instagram,0
marcelotwelve,You're too real,instagram,1
marega11,He signed with Al -Nasr Club,instagram,1
vinijr,out,instagram,0
danialves,Unlucky in brazilzao and still ended up in prison,instagram,0
marega11,"Way, why don't you imagine?",instagram,1
samumtiti,Suerte Big Sam,instagram,1
marega11,Please return to your usual level,instagram,0
toniruediger,God bless you,instagram,1
marcelotwelve,Top,instagram,1
samumtiti,you are just a shit,instagram,0
marcelotwelve,Marcelo next Year Bylis,instagram,1
antogriezmann,Antogiezmann there is a who presents Ballon d'Or and other a pair of jespere crampon that you have returned well and call uncle Deschamps to cry on Karim,instagram,0
marcelotwelve,We love you marlootwelve thank you very much Legend,instagram,1
andressaalves9oficial,Gives Andre,instagram,1
antony00,So confident,instagram,1
danialves,Are you still afraid of me,instagram,0
andressaalves9oficial,Not,instagram,0
toniruediger,room,instagram,1
antogriezmann,Please be out voice mahsaamini Mahsamini,instagram,0
samumtiti,Come to besiktas,instagram,1
marega11,Keep going   we need take Asia again and again,instagram,1
antony00,Best player antony00,instagram,1
marcelotwelve,around,instagram,1
samumtiti,gay test,instagram,0
marcusrashford,Yesirrr,instagram,1
marcusrashford,brazy,instagram,1
samumtiti,Thanks Samuuu,instagram,1
samumtiti,Samuel umtiti if you like don't listen to them and come to Besiktas JK and you will see what they are real supporters,instagram,1
antogriezmann,Fuckkk youre mother,instagram,0
samumtiti,Mosjaiteh mos were not going to stay,instagram,0
samumtiti,In my opinion you have to work hard  on yourself because you are playing in Barcelona  I always watch football when playing Barcelona you are not good looking in last 3 4 games,instagram,0
mujaids4,You are like a plane,instagram,1
luissuarez9,It will no longer be time to return home so as not to make fiascos as in the World Cup,instagram,0
vinijr,Legends  your time is coming vini,instagram,1
marega11,goat,instagram,1
danialves,Very sex0 consensual for you in sugarcane bro,instagram,0
marcelotwelve,Marsello is one of the most cool players,instagram,1
mouctar_dkh,Clown of,instagram,0
marcusrashford,U have been amazing this World Cup you and boys have been amazing and made me feel proud to watch England we will get there next time,instagram,1
marcelotwelve,Go back to Rial we miss you so muchFamos,instagram,1
samumtiti,Dale,instagram,1
samumtiti,Congrats guess you can make a good use of a massive 5TB switch to connect them all,instagram,1
mouctar_dkh,Grandeeee No Daaka,instagram,1
antony00,You were showwwww,instagram,1
antony00,Lindo,instagram,1
marega11,Mutawad is good,instagram,1
samumtiti,Soul,instagram,1
samumtiti,Go home,instagram,0
antony00,Perfectoo,instagram,1
diego.costa,Beast,instagram,1
vinijr,You are fucking,instagram,0
jeffersonlerma,Dad folleti,instagram,0
marcelotwelve,You just made my day idol,instagram,1
samueletoo,Thanks king PelÃ©,instagram,1
marcelotwelve,nice,instagram,1
samueletoo,dejesusoficial,instagram,1
marcelotwelve,ALL,instagram,1
marcelotwelve,Ronaldo y Marcelo Messi y Dani Best partners in life we wont see another bromance like them cristiano marcelotwelve dani alves leo messi,instagram,0
marega11,My lover,instagram,1
mouctar_dkh,Diakanbaue renews please,instagram,1
marcusrashford,Working out in a Millie,instagram,1
samumtiti,Out umtitiout,instagram,0
marcelotwelve,Marcelo is and always has been the vibe  a LEGEND  the streets will never forget marcelotwelve Forever A Madridsta Legend Great to have you back to inspire these kids,instagram,1
neymarjr,You are linduuuuuh dms ney,instagram,1
luissuarez9,See Crack,instagram,1
vinijr,Messi better,instagram,0
toniruediger,Lodia remained in the status,instagram,1
antogriezmann,I am the biggest fan of you,instagram,1
vinijr,oooo lindeza,instagram,1
marcelotwelve,MARCELOTWELVE I was born with a condition called Arnold Chiare Type 2 possession medium pressure valve in my head and from the waist down I have no mobility I am a 2 -year -old warrior called Ramses Alessandro my medical expenses and constant evaluations are very expensive ApÃ³me disseminationFrom Godfume de CorazÃ³n ApÃ³yame would be very helpful for my baby,instagram,1
marcelotwelve,James Marcelo,instagram,1
toniruediger,I miss you Tony,instagram,1
mujaids4,Machine,instagram,1
vinijr,Where is Ansu Fragile Ansu Fragile where it is,instagram,0
samumtiti,We appreciate what you did for the team but its time to go out PLEASE,instagram,0
marega11,Come to FenerbahÃ§e,instagram,1
mouctar_dkh,Bravo champion all the Guinnee is proud of you continued the long way but you will arrive inchallah all the people of Guinnee support you behind you,instagram,1
samumtiti,Gotti is photographed with Goety,instagram,1
antony00,angry,instagram,0
samumtiti,Get out of the club,instagram,0
p.diop23,Rest in peace,instagram,0
andressaalves9oficial,Merry Christmas to you and your family,instagram,1
marcelotwelve,You best,instagram,1
samumtiti,Coach Mi and then You Shing You Mast Tickle,instagram,1
luissuarez9,VAMOOOOOS,instagram,1
marega11,Just get up,instagram,1
mujaids4,Believe in you and everything will be possible29,instagram,1
samumtiti,King of comment,instagram,1
andressaalves9oficial,Voaa CraqueorgulgÃ£o immense from you,instagram,1
samueletoo,What its your problem,instagram,0
marcelotwelve,Marcel,instagram,1
marega11,Musa pull yourself up in the next match,instagram,0
sterling7,Rest In Peace Her Majesty,instagram,0
jeffersonlerma,8 Hey my Papo as the Chaney orchestra says I am back as before when I was without love AÃ±aÃ±ay the rich with the rich knows more delicious,instagram,0
sterling7,MY HEROOOO,instagram,1
marcelotwelve,SIP,instagram,1
marcelotwelve,Thunder,instagram,1
samumtiti,Come to BeÅiktaÅ King,instagram,1
danialves,Blue and gold,instagram,1
antony00,You play a lot,instagram,1
vinijr,NUMBER ONE,instagram,1
marcelotwelve,Madrid aura,instagram,1
vinijr,I prefer coca,instagram,0
mujaids4,THE KING,instagram,1
vinijr,Hahaha,instagram,0
antony00,Surreal,instagram,0
samumtiti,Drink how much you want you buy,instagram,0
antogriezmann,Watch Griiizi,instagram,1
toniruediger,Best defender I love you,instagram,1
samumtiti,barca Legends,instagram,1
samumtiti,Thank you again to you sam of head sacrifice we will never forget the chills are always there thank you again to you fieredrebleus allerleusbleus,instagram,1
antony00,Good thing you are in another club because it could be the best of BrasileirÃ£o being from SÃ£o Paulo the coach,instagram,0
marcelotwelve,Electric wizard,instagram,1
samumtiti,goat,instagram,1
samueletoo,Here we go,instagram,1
marcelotwelve,friend follow me,instagram,1
jeffersonlerma,"One of the two teams I held in the UK I watched every match Bournemouth, a very solid midfielder, both physics and fast and nettle come to us in the European League.",instagram,1
jeffersonlerma,Lets go dad,instagram,1
marega11,"I wish the second, Sheikh Musa",instagram,1
danialves,Dani a lot of strength and a lot of encouragement will be justice you will be innocent,instagram,1
p.diop23,Very big,instagram,1
jeffersonlerma,Vamoooooosssssss,instagram,1
toniruediger,I love you Rudiger Make sure you make the best out of your stay at Madrid and remember to come homeCHELSEA after You will always remain in my heart as a Chelsea player who fought wellLEGEND,instagram,1
marega11,keep going,instagram,1
marega11,"I want to understand Abu Dead, why do you want you to do it and a basic veto",instagram,0
samumtiti,Hopefully and with those most tractor corras shoes,instagram,0
samumtiti,Come to BeÅiktaÅ Samumtiti,instagram,1
sterling7,Of a military Savi and Instruct Tuuu,instagram,1
luissuarez9,Has exchanges for 30,instagram,1
luissuarez9,Best friends trio Messi Neymar suarez,instagram,1
mouctar_dkh,Departure,instagram,1
samumtiti,Come to Besiktas bro,instagram,1
antony00,Lets do this,instagram,1
mouctar_dkh,Fathering the area,instagram,1
samumtiti,To petar the messages so that people leave we are going out,instagram,0
antony00,Veow oooooolo,instagram,1
marcelotwelve,Handsome,instagram,1
mujaids4,Enorme moozy,instagram,1
toniruediger,"My brothers, the supply",instagram,1
marcelotwelve,YOU ARE THE BEST  marcelotwelve,instagram,1
samumtiti,Withdraw with what you charge and the performance you are giving would have to be shame,instagram,0
vinijr,GolaÃ§oooo today huh vini,instagram,1
danialves,Oxi nera bald until these days,instagram,0
samumtiti,Tatava don't make a come to BeÅiktaÅ,instagram,1
samumtiti,"What a great game today Mr. Big Sam next to Pique have made a very good duo, you hope your prime",instagram,1
vinijr,Best of the world,instagram,1
marega11,The real,instagram,1
marcelotwelve,Marcelotwelve come in Ampelokipi you will be a bench but no matter gt i am i basic,instagram,1
samueletoo,Free,instagram,1
sterling7,Yard man,instagram,1
antony00,I love you,instagram,1
luissuarez9,Vamoo here is general from GrÃªmio,instagram,1
antony00,Played mt well,instagram,1
marega11,Cool,instagram,1
marcelotwelve,Happy Birthday Your Wonderful,instagram,1
antony00,Brunomuria2 This is ready in the selection,instagram,1
marcelotwelve,Uyyy Marcelo,instagram,1
samumtiti,Get out fuck off to Barcelona,instagram,0
samumtiti,Waiting for your comeback BIG SAMU,instagram,1
samumtiti,God is love forces you champion,instagram,1
sterling7,Razzzzzz,instagram,1
p.diop23,Nice linternational,instagram,1
marega11,We trust you,instagram,1
antony00,Maestro,instagram,1
marcelotwelve,CRISTIANOOOOOOOOOOO RONALDO SIUUUU,instagram,1
marcusrashford,Rashford please play like this for United,instagram,1
samumtiti,Were waiting for you to,instagram,1
antony00,Play a lot,instagram,1
samumtiti,Barca fan,instagram,1
marega11,You are the only one who gets tired,instagram,0
mujaids4,Back in Galicia,instagram,1
toniruediger,Muldese Hahaha,instagram,1
jeffersonlerma,Come to Galatasarayyyy Lionnn,instagram,1
antony00,Love you my love,instagram,1
p.diop23,Lelegance,instagram,1
samumtiti,Umi see you play again fills the culÃ©s hope that you will soon lift the league and the champion luck,instagram,0
antogriezmann,My grizou is more beautiful models,instagram,1
marcusrashford,sterling shin pads for respect,instagram,0
danialves,How sad to be the daughter of a stuprd0r,instagram,0
marcelotwelve,Cracked,instagram,1
luissuarez9,I love you lucho what detail with Leo,instagram,1
marcusrashford,Yess,instagram,1
vinijr,Bila vine,instagram,1
marcelotwelve,Not all Brazilians right kkkkkk,instagram,0
sterling7,love bro,instagram,1
marcelotwelve,Ronaldo dance,instagram,1
marega11,I love you,instagram,1
sterling7,PLEASE BE OUR VOICES  In the last 62 days the Islamic regime has killed 402 of our compatriots who have protested for their rightsÂ  to gain their freedom and basic rights under unequal conditionsÂ This cruel and repressive regimeÂ  has not even had mercy for children and teenagers and has killed 58 innocent children and buried them under strict security measures and is trying to cut off the voices of protesters and communication channels with human rights organizations Due to this brutal factÂ  this cruel regime has evenÂ  forced protesting Iranian footballers to promise not to disclose news and protests inside Iran by threatening and holding their families hostage PLEASE BE OUR VOICES MAHSAAMINI KIANPIRFALAK Age 10dianamahmoudi age 9sodiskeshani age 14arnikaghaemmaghami age 17mohammadrezasarvari age 14momenzandkarimi age 17sarinaesmailzadeh age 16pedramazarnoush age 16amirmohammadnorouzi age 16helenahmadi age 7amirhosseinbasati age 15ehsankhajavi age 15samerhashemzehi age 16sarinasaedi age 16mehdifarhani age 17 alimozafari age 17abolfazladinezadeh age 16nikashakarami age 16zakariakhial age 16mobinmirkazehi age 14siavashmahmoudi age 16setarehtajik age 17javadpousheh age 13omidsarani age 13nimanouri age 17eghbalshahnavazi age 16mohammadeghbalnayebzehi age 16 sadafmovahedi age 17omidsafarzehi age 17mohammadzamani age 16alibarahouyi age 14 amirfouladi age 15yaserbahadorzehi age 17parmishamnava age 14parsarezadoust age 17sinanaderi age 17 adelberichi age14abdollahmahmoudpour age 16MONANAGHIB  age8,instagram,0
antogriezmann,The best joker,instagram,1
marega11,We have a level of time,instagram,0
marega11,Home with me gatÃ£o,instagram,0
antony00,Jah,instagram,1
antony00,Our king rest in peace,instagram,0
marcelotwelve,You can come back to Fluminense,instagram,1
marcelotwelve,Bro I am from india and i am your fan from may childhood I growing up seeing u an cr7 you are my inspiration to play football siuuu,instagram,1
marcelotwelve,Miss you capi,instagram,1
antogriezmann,sanctuu,instagram,1
jeffersonlerma,Greetings Idolo from Neiva always with you,instagram,1
samueletoo,Gassama is not there,instagram,1
danialves,I like,instagram,1
mujaids4,What a daddy,instagram,1
antony00,Name of Shorkid,instagram,1
marcelotwelve,Ronaldomarcel,instagram,1
mujaids4,Huge,instagram,1
danialves,Will be going to eat his band in prison,instagram,0
p.diop23,Where can I send you more different chromos to those that you signed in Valladolid to send them to me with that signed shirt that you were going to send me,instagram,1
antony00,You are a success monster with our hopscotch,instagram,1
marcelotwelve,Phenomenon,instagram,1
vinijr,You have a flaw to make a small shoe package managing things to hear from frÃ©m,instagram,1
marcelotwelve,BROOD DON'T CLOSE PLAY A GAME TO OLY,instagram,0
samumtiti,To suck it Porfin,instagram,0
marcelotwelve,Rest In Peace My King Pele,instagram,0
samumtiti,Bro to see when you pir up since you have to remove salary limit,instagram,0
antony00,Braban,instagram,1
jeffersonlerma,"8 My compadre God blesses you always Papo, let's go, I love him very much",instagram,1
marcelotwelve,Calls Dani Alves that is my great -grandfather and does not call Marcelo this ace,instagram,0
marcelotwelve,Come be happy at Corinthians,instagram,1
marcelotwelve,Marcelo Ronaldo,instagram,1
danialves,Merry Christmas to you and your beautiful and blessed family,instagram,1
marcelotwelve,No 2,instagram,0
samumtiti,Moremodel what a footballer,instagram,0
marcelotwelve,The Goat,instagram,1
luissuarez9,Lindo,instagram,1
danialves,Horaciosalazar13,instagram,1
danialves,Get out the 40th,instagram,0
antony00,machine,instagram,1
toniruediger,Enrique0012 this shaved sa,instagram,0
vinijr,Brings hexa vini,instagram,1
toniruediger,Rudiger black mamba dont have attitude,instagram,0
marcelotwelve,Fimaria deserves it at all,instagram,1
antogriezmann,Best player in the world  griezmann,instagram,1
luissuarez9,I already imagine Reinaldo crossing Vamooo Gremio Gremio,instagram,1
toniruediger,Daleeee,instagram,1
samumtiti,Very good all Salento is by your side,instagram,1
marcelotwelve,Monster,instagram,1
marega11,"It is sufficient to return to the surface of our consent, so we are satisfied",instagram,1
toniruediger,My new fatherhala madrid,instagram,1
samumtiti,We are all Samumptiti,instagram,1
danialves,2026 to Dani I go one more to finish kakakakakak,instagram,0
samumtiti,Sorry Samuel we are not all like that,instagram,0
sterling7,sterling7 Work Hard Play Smart Win Big,instagram,0
jeffersonlerma,Valencia CF,instagram,1
samumtiti,Among the hospital beds,instagram,0
luissuarez9,So that so much freshness for an end of career,instagram,0
mouctar_dkh,I renew,instagram,1
antogriezmann,Griezmann returns to his prime this year,instagram,1
danialves,As Brazil did not arrive in the final today I am with Messi,instagram,0
antony00,This guy is just too good,instagram,1
marcelotwelve,No more Europe comes to Botafogo,instagram,0
samumtiti,"Akchchk, with the money of Barcelona, hahahaha",instagram,0
marcelotwelve,You are the best no lie holding so much records and the cleanest pass in history,instagram,1
mouctar_dkh,Diakhabi renews,instagram,1
marcusrashford,What a goal rashyyyy,instagram,1
danialves,Help me,instagram,1
vinijr,Look how black,instagram,0
antony00,Voa Mlk vs deserves to play too much from Osasco to the World Cup,instagram,1
marcelotwelve,siiiiii,instagram,1
vinijr,Let's go mn faith in the father that everything will work out that a little is in your dough this golden,instagram,1
samueletoo,You people are scammers you go around stealing peoples money in the name of charity Bull sheet,instagram,0
marcelotwelve,Freakin Legend bro marcelotwelve,instagram,1
samumtiti,LEAVE OUT FROM BARCA RIGHT NOW,instagram,0
antony00,Ronaldo,instagram,1
marega11,Diamond,instagram,1
toniruediger,God bless,instagram,1
toniruediger,Boss,instagram,1
samumtiti,no need for chill he's just pissing us off on purpose If he wants to stay and prove Himself why dont he is not reducing his wages,instagram,0
samumtiti,umtitiout,instagram,0
antony00,When he tattoo richarlison in his neck exqueceee,instagram,1
toniruediger,Welcome to Madrid,instagram,1
marcusrashford,Have my kids Rashy,instagram,1
marcelotwelve,Missed you there would play easy with plenty,instagram,1
marcelotwelve,Nice  my brother,instagram,1
vinijr,Evin prison where activists journalists writers and anyone against the regime are being held was set on fire Their lives are in danger mahsaamini,instagram,0
luissuarez9,Happy Birthday Hermanito Vente Back to Fcbarcelona,instagram,1
marcusrashford,u really love that celebration  big drip tbh,instagram,1
samumtiti,Hes the reason why Messi left,instagram,1
toniruediger,Shaw,instagram,1
marega11,We trust you Sheikh Moses and support you,instagram,1
samumtiti,Come back to play in Lyon,instagram,1
samueletoo,Legend Pele rests in peace,instagram,1
marega11,My true love mm,instagram,1
toniruediger,Introducing and roaring LD Arau,instagram,1
luissuarez9,Luchito,instagram,1
vinijr,Drip hard,instagram,1
luissuarez9,Play a lot now pays for surgery because you broke the marker rib,instagram,0
antony00,march,instagram,1
andressaalves9oficial,AS ROMA AS ROMA WOMEN POMIGLIANO ROME,instagram,1
marega11,The best league,instagram,1
samumtiti,Congratulations,instagram,1
samumtiti,leave barca,instagram,0
toniruediger,Amazing brother,instagram,1
samumtiti,Stay strong,instagram,1
samumtiti,Stepnat Tate Tate,instagram,1
samumtiti,wide,instagram,1
marcelotwelve,Love you Marcee and we miss you lots,instagram,1
p.diop23,Let's go,instagram,1
luissuarez9,Come to the largest in Porto Alegre GrÃªmio,instagram,1
antony00,You are monster,instagram,1
sterling7,Some one,instagram,1
marega11,The last one happened,instagram,1
marega11,Musa bin Ali,instagram,1
samumtiti,Com to beÅiktaÅ,instagram,1
danialves,come to galatasaray danialves,instagram,1
jeffersonlerma,come to gala,instagram,1
vinijr,Many Madrid Vinigod,instagram,1
antony00,Spinner,instagram,0
marega11,"Yazine your heart, Yamarga",instagram,1
marcelotwelve,Just you,instagram,1
marcelotwelve,Lf,instagram,1
marcusrashford,King Kong,instagram,0
marega11,Good shot bro,instagram,1
luissuarez9,Bora Pro GrÃªmio,instagram,1
antony00,Cracked,instagram,1
marcusrashford,Rashford Prime,instagram,1
marcelotwelve,nickplachouras,instagram,1
antogriezmann,Karim Benzema is the goat does not displease the karma will take care of you,instagram,0
marega11,FENERBAHCE,instagram,1
samumtiti,Hello steel,instagram,1
antogriezmann,kb9 ballon d'or,instagram,1
marcelotwelve,Always an inspirational to all the left fullback,instagram,1
marcusrashford,Well done,instagram,1
samumtiti,Umtiti Barcelona,instagram,1
marcelotwelve,Back home warrior,instagram,1
antony00,Two stars Antony and Raphinha who seek hex for us Brazilians,instagram,1
samumtiti,Come on Samu you can be one of the best yet show the world who you really are do it for yourself,instagram,1
marcelotwelve,Missing in world cup,instagram,1
toniruediger,God,instagram,1
vinijr,Help mee follow and like,instagram,1
samumtiti,Dollar,instagram,1
marcelotwelve,Crack,instagram,1
marcelotwelve,the video,instagram,1
marcusrashford,My idol,instagram,1
marcelotwelve,my paternal uncle,instagram,1
balotelliclub,Haha,instagram,1
marcusrashford,Yes Lad,instagram,1
neymarjr,God knows what makes bro and you will surely give us a lot of joy,instagram,1
luissuarez9,Let's go to put our Uruguay dear up there,instagram,1
marega11,This is Al Hilal FC which only knows how to win,instagram,1
antony00,Throw,instagram,1
antony00,Play too much skillful see will shine a lot I'm still a fan,instagram,1
luissuarez9,He didn't do it,instagram,0
vinijr,Amazing,instagram,1
vinijr,I love you wines,instagram,1
andressaalves9oficial,Long live love,instagram,1
vinijr,You are beautiful God bless you and always protect you,instagram,1
marega11,You let me down,instagram,0
marcelotwelve,The Brabo,instagram,1
toniruediger,Go to Spain  los blancos are waiting,instagram,1
marcelotwelve,What are interesting images from a guy from street to prince,instagram,1
antogriezmann,Stem,instagram,0
andressaalves9oficial,Winged,instagram,1
mujaids4,Wednesday to death,instagram,0
marcusrashford,Now cry,instagram,0
antony00,What man,instagram,0
marcelotwelve,My favorite evil,instagram,0
luissuarez9,Signsuarez,instagram,1
samumtiti,Fallen,instagram,0
samumtiti,You can,instagram,1
toniruediger,Great Rudiger The German Pitbull to bite how you know,instagram,0
antogriezmann,magnificence,instagram,1
marcelotwelve,ok but when you will marry cmg,instagram,1
antony00,Thank you so much for all wonderful moments antony00 you are a star,instagram,1
marcelotwelve,Mafraaaaaaa,instagram,0
antony00,Shine my boy,instagram,1
vinijr,Viniiii,instagram,1
samumtiti,Messi,instagram,1
marcelotwelve,You're late for this Marcelotwelve publication,instagram,1
samumtiti,If only you could complete 10 matches with your new boots without being useless again Just get out of the club man,instagram,0
danialves,Let's see to see at what time you show up for work,instagram,0
vinijr,This image brings a strong emotion shows how a dream can work out the flip -flops there reminds us of children running barefoot behind a ball may not even have these things to eat or a good quality of life but everything can lead to an inexplicable and prosperous success,instagram,1
marcelotwelve,Love u Boss,instagram,1
marcusrashford,Naaaaaa THE BEST IN THE WORLD,instagram,1
toniruediger,"Now I understand why they didn't pay anything for you, you are often pipes",instagram,0
marcelotwelve,Febolus,instagram,1
jeffersonlerma,Lummy,instagram,1
samumtiti,Go out from Barcelona retarded,instagram,0
marega11,Marika and others,instagram,0
marcelotwelve,It does not give,instagram,0
sterling7,Baller,instagram,1
antony00,Let's go bro,instagram,1
marcusrashford,Arsenal be careful,instagram,1
luissuarez9,I only believe after biting someone,instagram,1
samumtiti,Finished man,instagram,0
samumtiti,Happy birthday,instagram,1
antogriezmann,So why go to BarÃ§a,instagram,0
jeffersonlerma,Cerrito for the world,instagram,1
mouctar_dkh,To the fault I watched you,instagram,1
marcelotwelve,60 million wow what a number now I can say Siuuuuuuuu,instagram,1
antony00,is the bosse,instagram,1
mouctar_dkh,Diaghay 027,instagram,1
vinijr,Best of luck my Favorite  love from Bangladesh,instagram,1
marcelotwelve,Volta pro flon,instagram,1
antony00,It hit,instagram,1
marega11,In seconds,instagram,1
luissuarez9,Come on my guri,instagram,1
marega11,Trust in God and your level,instagram,1
marega11,Cover the best movies,instagram,0
marega11,Miss you,instagram,1
samueletoo,Good luck lion,instagram,1
mouctar_dkh,What a player you are my role model and I will love to meet u one day,instagram,1
samueletoo,Good luck my brothers,instagram,1
marcelotwelve,You miss m12,instagram,1
vinijr,Played mt,instagram,1
samumtiti,The class,instagram,1
mujaids4,You play a lot,instagram,1
marcelotwelve,Suuuuuuuuuuuu,instagram,1
marcusrashford,Get us the league trophy plz,instagram,1
marega11,Sheikh Musa,instagram,1
antony00,Irmaooo,instagram,1
vinijr,Play a lot of ace,instagram,1
andressaalves9oficial,No one likes to lose but unfortunately it's part we go up you and the girls are amazing me as a Roma fan I'm very proud of you and your delivery to every game Daje Romaaaa,instagram,1
vinijr,PelÃ© has always been king but you will be the prince of football plays easy cheerful and motivates even the elders congratulations on your football,instagram,1
marcelotwelve,Truth that God comforts the hearts of family members and fans,instagram,1
samueletoo,Papa Etoo thank you for everything,instagram,1
marcelotwelve,And if Al Nasser explained,instagram,1
antony00,Just your fan,instagram,1
marcelotwelve,Delis Christmas,instagram,1
vinijr,black man,instagram,0
marega11,The best,instagram,1
mouctar_dkh,Congratulations Brother,instagram,1
andressaalves9oficial,Congratulations,instagram,1
mujaids4,I have a big proposal for u send me a dm please,instagram,1
antony00,Our Present Day plays beautiful,instagram,1
marcelotwelve,Welcome to alnassr,instagram,1
samueletoo,Rip to the king,instagram,0
marega11,Vamooooooos,instagram,1
mujaids4,Good chest,instagram,1
danialves,Fashion enemy,instagram,0
antogriezmann,They love you outside to fail penaltis,instagram,0
antony00,antony00 voaaaa mlkk I'm rooting a lot for you,instagram,1
marcelotwelve,Marcelito,instagram,1
marcelotwelve,Come to FenerbahÃ§e,instagram,1
antony00,You deserve my love I'm too fan,instagram,1
marcelotwelve,rabeahmd siuuu check,instagram,1
samumtiti,Back please,instagram,1
marcelotwelve,We love you in Colombia beautiful idol,instagram,1
samumtiti,I'm Biga,instagram,1
marega11,Vmosss,instagram,1
samumtiti,Induizi,instagram,1
mouctar_dkh,Another night the best Vamosss,instagram,1
marcelotwelve,Miss you boss,instagram,1
marega11,Our pyramid,instagram,1
samumtiti,First,instagram,1
jeffersonlerma,Its lovely there,instagram,1
vinijr,Vamos vinijr,instagram,1
marcelotwelve,We miss you at Real Madrid Please come back we are tired of watching ferland mendy play,instagram,1
samumtiti,Mahsamini mahsaamini,instagram,1
vinijr,What you are playing is slutty,instagram,0
marcelotwelve,Focus or l no,instagram,0
andressaalves9oficial,if there is the sun I'm happy,instagram,1
antony00,Happy 2023 late,instagram,1
toniruediger,Bye  football for men to you,instagram,0
marcelotwelve,CR,instagram,1
mujaids4,Good luck you will always be welcomed here a hug and enjoy the opportunity,instagram,1
marcelotwelve,You are a monster on the field,instagram,1
samueletoo,Inshallah 0 points and out,instagram,0
samumtiti,Please come back and stronger as anyone know,instagram,1
antogriezmann,The Crew,instagram,1
antony00,God bless play a lot,instagram,1
antogriezmann,disneyland paris lindsay dlp,instagram,1
mouctar_dkh,Come to Karabakh,instagram,1
luissuarez9,Teamo Luis Alberto,instagram,1
marcelotwelve,Blessed the day you were born on the same planet that I see your dm took you even my pretty eyes cap and the most beautiful smile,instagram,1
marcelotwelve,Real Madrid,instagram,1
antony00,MDS I'm feeling sick just to see him,instagram,0
andressaalves9oficial,Go with td god bless you,instagram,1
danialves,Some boni man and money with family make some clowns of this,instagram,0
marcusrashford,LÃ¶we keep going so I get a blatant dot at Comunio Mashallah Everyone who makes the eye should pack,instagram,0
marcelotwelve,M12 my best left back,instagram,1
diego.costa,maerull style,instagram,0
mouctar_dkh,Please stay,instagram,1
antogriezmann,"Antuan my forgiveness, thank you for rectifying",instagram,1
danialves,Hypocrisy that speaks,instagram,0
samumtiti,You lost the final with Argentina,instagram,0
marcelotwelve,Munawar Sheikh Marcelo,instagram,1
sterling7,They tell me Im beautiful is that right,instagram,1
mouctar_dkh,Instead of coming to play the can you go to Dubai,instagram,0
vinijr,How happy and this boy is always,instagram,1
sterling7,Raheem,instagram,1
marcelotwelve,Suuuuuu,instagram,1
luissuarez9,We will,instagram,1
antony00,What a load of crap,instagram,0
mouctar_dkh,Good luck for the rest of your career FrÃ©rot,instagram,1
sterling7,Speaking of vintage ummm,instagram,1
marega11,Ah my brother is blessed since your position,instagram,1
marcusrashford,Keep going Marcus,instagram,1
marcelotwelve,Invincible,instagram,1
antogriezmann,I save you my dear,instagram,1
danialves,My dani scales that we are waiting for you in Cu we want the 8th crack,instagram,1
toniruediger,isnt he muslim why is he wearing supreme cross,instagram,0
marcelotwelve,Legend,instagram,1
mouctar_dkh,Congratulations,instagram,1
vinijr,Mourning King of Football,instagram,1
marcelotwelve,hi nice,instagram,1
samumtiti,Champ,instagram,1
marcusrashford,France clear keep crying,instagram,0
luissuarez9,"To be like Luis Suarezno, he is done out of nowhere, nor is it a any way of the effort to get ahead of the child practicI fight with all his forces in previous comments as they dissect their work and I wantBeautiful to know how to play football and be constant until they are a professional like Messironaldo Luisitoen time to criticize and envy we have to thank him that thanks to him many know us in the world Felicities Luis Suarez and your family infinite blessings",instagram,0
luissuarez9,Come to GrÃªmio Linda Family Come Suarez,instagram,1
antony00,King Antony Ready,instagram,1
sterling7,PLEASE BE OUR VOICES  In the last 62 days the Islamic regime has killed 402 of our compatriots who have protested for their rightsÂ  to gain their freedom and basic rights under unequal conditionsÂ This cruel and repressive regimeÂ  has not even had mercy for children and teenagers and has killed 58 innocent children and buried them under strict security measures and is trying to cut off the voices of protesters and communication channels with human rights organizations Due to this brutal factÂ  this cruel regime has evenÂ  forced protesting Iranian footballers to promise not to disclose news and protests inside Iran by threatening and holding their families hostage PLEASE BE OUR VOICES MAHSAAMINI KIANPIRFALAK Age 10dianamahmoudi age 9sodiskeshani age 14arnikaghaemmaghami age 17mohammadrezasarvari age 14momenzandkarimi age 17sarinaesmailzadeh age 16pedramazarnoush age 16amirmohammadnorouzi age 16helenahmadi age 7amirhosseinbasati age 15ehsankhajavi age 15samerhashemzehi age 16sarinasaedi age 16mehdifarhani age 17 alimozafari age 17abolfazladinezadeh age 16nikashakarami age 16zakariakhial age 16mobinmirkazehi age 14siavashmahmoudi age 16setarehtajik age 17javadpousheh age 13omidsarani age 13nimanouri age 17eghbalshahnavazi age 16mohammadeghbalnayebzehi age 16 sadafmovahedi age 17omidsafarzehi age 17mohammadzamani age 16alibarahouyi age 14 amirfouladi age 15yaserbahadorzehi age 17parmishamnava age 14parsarezadoust age 17sinanaderi age 17 adelberichi age14abdollahmahmoudpour age 16MONANAGHIBÂ  age8,instagram,0
mouctar_dkh,Gladiator,instagram,1
vinijr,Dull,instagram,0
toniruediger,Padre,instagram,1
samumtiti,Finally,instagram,1
mujaids4,You will get very far,instagram,1
marega11,"I love you, Yipo Ryan",instagram,1
marcusrashford,Keep rising sunny,instagram,1
vinijr,Nation AMA VINI,instagram,1
samumtiti,Big Sam we hope to see you regain your old sharpness Work hard,instagram,1
antogriezmann,go back to barcelona,instagram,0
toniruediger,Let's go,instagram,1
samueletoo,"Eto, I get you",instagram,1
antony00,The debut and the final,instagram,1
luissuarez9,Suarez Deletes this photo,instagram,0
antogriezmann,Come see the Chicago bulls,instagram,1
samumtiti,Bravo,instagram,1
samumtiti,gooood mangood job,instagram,1
mouctar_dkh,Retarded HAJAJAJAJAJA,instagram,0
marcusrashford,Thank you Rashford The Brazilian people thanks you,instagram,1
samumtiti,Out of BarÃ§a,instagram,0
antogriezmann,wonderful,instagram,1
mouctar_dkh,Great saving the 3 points,instagram,1
marcelotwelve,Eternal king of football,instagram,1
danialves,Let's go with everything,instagram,1
samumtiti,You watch Ousmane and Antoine Sentraine,instagram,1
marega11,Mbappe is Next level,instagram,1
marcusrashford,Miss u at man United ,instagram,1
mouctar_dkh,Murder,instagram,0
antogriezmann,Of the few who do something for the team,instagram,0
samumtiti,Happy Birthday Amigo,instagram,1
vinijr,Amen your dream started,instagram,1
antony00,Amsterdamski He is worth his money,instagram,1
neymarjr,Daring joy in them,instagram,1
marcelotwelve,Suuuuuuuuuu,instagram,1
antogriezmann,Hi dear Antonie im writing to you because of the respect and faith I have in you Im from Armenia  My country is being attacked right now by the army of Azerbaijan Innocent people are dying and houses are being destroyed by the inhumane army who not only kill innocent people but also rpe and make fun of the women THEY have killed As a person who has a big influence Id be very happy if you helped us and spoke up about the terror currently happening in Armenia thank you please dont be indifferent,instagram,0
marega11,I came back to come back to you,instagram,1
mouctar_dkh,Retarded,instagram,0
marcelotwelve,What the fuck with this hair,instagram,0
vinijr,Kkkkkkk vini is too much,instagram,1
marcelotwelve,zzzzzzzzzz,instagram,0
marega11,Goat cristiano,instagram,1
marega11,Keep making killers,instagram,0
samumtiti,Believe,instagram,1
samumtiti,Come to umtiti FC,instagram,0
samumtiti,Samuuuu,instagram,1
marega11,The King,instagram,1
toniruediger,t0dÐ°Ñ is mÑ bd,instagram,1
neymarjr,"Be strong and brave, don't be terrified or get discouraged because the Lord your god will be with you where you walk you are giant you are a warrior you only gave us pride we love you never doubt that God has enabled you to the big battles you are a oneSon very loved by God that God calms your heart will always pray and rooting for you your heart is generous and kind you are light in the lives of so many people who love you strength and faith",instagram,1
samumtiti,Uuuuuuu,instagram,1
samumtiti,My idol,instagram,1
marcelotwelve,Come to faithful my partner,instagram,1
danialves,Cool everything but next way out of the bench goes on the side of the field and asks for the crashes of his companions who winning and 4 minutes left to make two lines of four and ball to the bush donkey,instagram,0
marcelotwelve,Playing more than Alex Sandro and Telles together even near the end of his career,instagram,1
mouctar_dkh,Thanks Valenciacf 2027,instagram,1
antogriezmann,Nice,instagram,1
vinijr,Come to the premier league  our fans accept everyone and love everyone,instagram,1
sterling7,Soccer is a major obsession in Iran specially amongst the young people These same people are now fighting for their freedoms In light of the brutal crackdowns of the regime and blockade of the free flow of information we are looking to the international community to spread the news and be a part of our voicesIn happiness and sadness we looked up to athletes such as yours We celebrated and cried in victories and defeats of our favorite clubs Now were looking up to you again but this time we are humbly asking you to help save lives by simply sharing creditable information you come across There are no small acts as every step helps In the name of the fight for democracy in the name of humanity in the name of Woman Life FreedomSincerely Your fans from Iran and the Iranian diasporamahsaamini,instagram,0
antony00,"I need 30 billion for Antony00 IVF treatment, we have been longing for 8 years.",instagram,0
samumtiti,"Well at all, get out of the club, nobody loves you the public will let you know the day that you go to heat you are a former player right now",instagram,0
marcelotwelve,Wow i love you Marcelo,instagram,1
neymarjr,Merry Christmas,instagram,1
samumtiti,We love you Samu,instagram,1
danialves,Another great withdrawals today 10000 i Really appreciate what you've done for me youre the best and i promise to spread your good works MASSLIVE WHITNEY,instagram,1
samueletoo,The king,instagram,1
marcelotwelve,I don't understand how they didn't take you,instagram,0
vinijr,Thank you Vinijr Monster even shiver what a great goal is too beautiful,instagram,1
marcelotwelve,Brazil need you,instagram,1
samueletoo,Big,instagram,1
diego.costa,Believe,instagram,1
marcusrashford,Unstoppable Rashy,instagram,1
mouctar_dkh,Come to FenerbahÃ§e,instagram,1
samumtiti,Barca fans dont want you but we do,instagram,1
antony00,You can see the text I made for you on my profile,instagram,1
jeffersonlerma,With all bro,instagram,1
luissuarez9,Eliminated kkkkkkk,instagram,0
samumtiti,Big SAM get back to your prime version man we need you now,instagram,1
samumtiti,Please leave I know its great to just sit on the bench and receive salary but please leave For the love of Barca for Culers please leave,instagram,0
samumtiti,Mumatiti Langlett,instagram,0
samumtiti,At that time you retired from football you were 24 years old,instagram,0
andressaalves9oficial,Exhaustion,instagram,0
samumtiti,I love you,instagram,1
antogriezmann,little Prince,instagram,1
luissuarez9,Be very welcome,instagram,1
danialves,Old you are in Pumas not in lions speak with property,instagram,0
marcusrashford,diamondsolomon mums,instagram,0
marega11,Only running  nothing else  I wish u leave ASAP,instagram,0
toniruediger,Man i'm so happy thanks for coming hala madrid,instagram,1
vinijr,Happiness Nego,instagram,1
samumtiti,Power and courage,instagram,1
antony00,Antonia,instagram,0
toniruediger,Lord,instagram,1
marcusrashford,Mentor,instagram,1
samumtiti,Black,instagram,0
marcelotwelve,Marcelo and Rodinei will be the biggest sides in history,instagram,1
antogriezmann,"Oh, how tasty",instagram,1
antony00,JOBO river,instagram,1
toniruediger,Madrid has always been white,instagram,0
luissuarez9,Bamooo Suarez,instagram,1
antony00,Top ,instagram,1
luissuarez9,Welcome,instagram,1
marega11,Allhamdulillah,instagram,1
luissuarez9,The gunman,instagram,1
samumtiti,kevin hart,instagram,0
danialves,Full of Portuguese errors did not graduate from elementary school JÃªnio,instagram,0
samumtiti,Force  Big Sam,instagram,1
toniruediger,Bravo,instagram,1
marcelotwelve,I like you Marcelo,instagram,1
sterling7,Yessir,instagram,1
marega11,R E A L,instagram,1
marcelotwelve,Go to Nassr,instagram,1
vinijr,Stop being fominha and stop climbing also tap the ball to others from the team and when I say others you know who you were once the nest,instagram,0
andressaalves9oficial,The best,instagram,1
marcusrashford,Cant wait for Sunday game,instagram,1
toniruediger,God has nothing,instagram,1
antony00,Thank God you rich all country has money buy only the basics to survive,instagram,1
mouctar_dkh,Thanks to you,instagram,1
vinijr,Bora Vini Jr.,instagram,1
marcusrashford,Sensational goal,instagram,1
samueletoo,Brother you don't have a team there,instagram,0
marega11,Love your music,instagram,1
antogriezmann,My man,instagram,1
marcelotwelve,O m g love you,instagram,1
luissuarez9,We need idols,instagram,0
antony00,Really your legend is ronaldo,instagram,0
toniruediger,I hope you are fine,instagram,1
mujaids4,Braboooo,instagram,1
marcusrashford,Manchester is Red,instagram,1
samumtiti,Come to BeÅiktaÅ Umtiti King,instagram,1
samumtiti,Might as well come Arsenal,instagram,1
antony00,Proud to know that you left my broken and is this fucking player hj congratulations monster,instagram,1
antony00,MAKE THE GOL ANTONY,instagram,1
samumtiti,play like trash,instagram,0
danialves,Dani have become bullfighter now,instagram,0
marcusrashford,gee o a tee,instagram,0
toniruediger,My brother,instagram,1
luissuarez9,LET'S GO,instagram,1
antony00,Will break the boy the hex and reality,instagram,0
vinijr,They don't dance anymore,instagram,0
antony00,GAME OF MORESS,instagram,0
luissuarez9,It's the Guild,instagram,0
jeffersonlerma,Galatasaray Fans are waiting for you,instagram,1
antony00,Merry Christmas,instagram,1
marcelotwelve,Hi sir  Are you not missing your national Brazil team By the way,instagram,1
danialves,Hi sponsors my grandchildren,instagram,1
antogriezmann,Ish Liar dÐ¾ggoulÐµ,instagram,1
marcelotwelve,The best left side of all time Marcelo,instagram,1
samumtiti,Outtttttttttttt,instagram,0
marcelotwelve,Come to Cruzeiro my 10,instagram,1
marcusrashford,shit,instagram,0
marcelotwelve,May God rest his soul,instagram,1
samumtiti,You dont care about the club man You just want that pay check Shame on you Hope your career goes down the drain as much as possible,instagram,0
samumtiti,Love u man  I hope u are be the great full in Barcelona,instagram,1
antony00,Toto,instagram,0
samumtiti,and on and on and on and,instagram,0
antony00,Shines,instagram,1
marcelotwelve,The first one,instagram,1
mouctar_dkh,Always bump with you,instagram,1
marcusrashford,Best bromance,instagram,1
luissuarez9,give us your girl,instagram,0
marcusrashford,Merry Christmas to you you are Manchester United legend Im your biggest fan back in 2019 I think you were playing against Liverpool I think you scored a freekick I was there in the stadium Old Trafford and I think it went outside I think it was the best free kick and Im your biggest fan Hopefully you would send me your shirt sometime please,instagram,1
jeffersonlerma,Ufff rough that photo my black the best,instagram,1
toniruediger,toniruediger which ones did u pick C Coupe,instagram,1
antogriezmann,Best,instagram,1
marcelotwelve,Duo Rent,instagram,1
samumtiti,Goodluck bro,instagram,1
samumtiti,Happy hero thank you,instagram,1
marcelotwelve,Spectacular,instagram,1
mujaids4,Give him good luck,instagram,1
antony00,Crush,instagram,1
mujaids4,Please check your DMs,instagram,1
neymarjr,Shine genius,instagram,1
mujaids4,Good luck,instagram,1
pwebo99,Great Webit,instagram,1
toniruediger,Better go to Chelsea you have more danger than a lame pigeon,instagram,0
marcelotwelve,Play with Ronaldo Brother in An nassr,instagram,1
marcelotwelve,Ou yeah I,instagram,1
marcelotwelve,You may have heard it but missed you in this Cup Marcelo,instagram,1
marcelotwelve,Idol,instagram,1
samumtiti,Play football brother your there you do the corner mannequin,instagram,0
toniruediger,if you keep scoring goals you will die with your colleagues if you keep scoring goals you will die with your colleagues,instagram,0
marcelotwelve,Miss you Marcelo,instagram,1
vinijr,Want a 20 Bollada Precise,instagram,1
marcelotwelve,You didn't miss ur best brother ronaldo i saw a lot of videos together it makes me smile and sad,instagram,1
toniruediger,A large rudi,instagram,1
marcusrashford,Crack,instagram,1
marega11,Please marega come back to your performance,instagram,0
antony00,Brabo up,instagram,1
danialves,Love from South Africa man,instagram,1
marega11,We have and you,instagram,1
neymarjr,We are with you God always bless you,instagram,1
marcelotwelve,My idol and chara,instagram,1
mujaids4,Fucking animal,instagram,0
samumtiti,Bad posing and worse playing,instagram,0
luissuarez9,The king  vamos,instagram,1
luissuarez9,Thanks a lot,instagram,1
samumtiti,It is not ashamed,instagram,0
marcelotwelve,My favorite uses the Corinthians shirt who knows one day hahaha,instagram,1
antony00,Lindooooooo,instagram,1
sterling7,My guy,instagram,1
marcelotwelve,good morning,instagram,1
samueletoo,Cameroon had an excellent world cup,instagram,1
danialves,Michael Jackson,instagram,1
mouctar_dkh,Places tt,instagram,1
andressaalves9oficial,Linda,instagram,1
antony00,I bought your letter at FIFA hj,instagram,1
marega11,Wait to speed only,instagram,0
antony00,UEL Players Many Style,instagram,1
antogriezmann,BURA,instagram,0
jeffersonlerma,Come to Galatasaray jefferson lerma,instagram,1
antony00,Drimariel suddenly returned to trainee you realize,instagram,0
marcusrashford,Gadzilla,instagram,1
antogriezmann,Fire,instagram,1
danialves,"Let's see if Joana has deference and morals to rectify what she has said about women, maybe she knew who her husband was because I don't think she did not know him publicly rectifies because she is very serious about what you have accused ofwomen",instagram,0
luissuarez9,The deserved pass but in the pass nothing,instagram,0
antony00,Merry Christmas Monster,instagram,1
marcusrashford,Come on France,instagram,1
luissuarez9,Love from Bangladesh,instagram,1
samumtiti,ICT TAC means that this nightmare is almost over that you leave the Wow Club now I have more expectations for Umtiti's ICT than for MBAPPE,instagram,0
marcelotwelve,Do not forgive,instagram,0
marcelotwelve,Really Miss you world cup,instagram,1
luissuarez9,GrÃªmio awaits you to see really what is a real crowd,instagram,1
sterling7,Congratulations G,instagram,1
marega11,"You are getting off, or not, the time of decisiveness has come to have mercy on your mother, correct",instagram,0
samumtiti,Umtiti just leave unfuture bankrupt club barca as well and come to juve we can make you become a better player although you already renew your contract with barca but barca still doesnt give you any chances to play they are try to destroy youuuu,instagram,1
jeffersonlerma,Death why did you score goals badly so that he can come to us,instagram,0
danialves,"I only come to say that beyond if it is true or is a lie we cannot assureAnd he went immediately to have sex and deceive his wife who has just lost his mother, these people do not want anyone, they are false for life, they deserve to stay alone",instagram,0
antony00,"It is worshiping when God will not respond to worship when pain to consume you to God above everything is to worship in the day of the lattice to God in the valley or in the desert it worship without friends is around when there is no resources is to worship God when everything is lacking that they have never thought of dropping outNever thought of parking all the plans of a lifetime letting everything be overwhelmed have never considered leaving the housewood on the truck.I do not go back to do what it will do when in the bottom of the well, they are unanswered when the victory does not come to know the defeat that will make it worship when God will not respond to worship when the pain consumers you above all it is to worship in the day of the bruise to Godin the valley or deserte worship without friends around it is worshiping when there is no resources is to worship God when I lack everything",instagram,0
marega11,"Young men and women, anyone who is complicated by weight and love, and a standard time, will come to me, and it will not regret",instagram,0
vinijr,Too much I will come to Croatia Brasil towards hexa give this gift to more than 200 million brazucas and to our king PelÃ©,instagram,0
samumtiti,Sammumtiti come to FC Metz or leave football please,instagram,0
vinijr,Mr. Vinicius Jr I hope he reads my message and tell Mr. Florinto PÃ©rez to come today to the square with a black bracelet for the town of Iran who is oppressed by the rulers Mahsaamini,instagram,0
sterling7,Please tell jude to come to Chelsea by January and you're a true Chelsea fans kindly like this comment,instagram,1
toniruediger,Rudiger you are a Muslim and you know our religion Islam well It was never appropriate for you to support homosexuals or homosexuals You descended from our eyes as Arabs We did not know you like this Your abandonment was expected You did not come to play football You did not respect a large and Islamic country and an Arab land like Qatar,instagram,0
samumtiti,It's good the undermining but if we miss you come back quickly on the ground orh you too tabuse of the lease come to Lyon or require you at the FCB,instagram,0
andressaalves9oficial,CONGRATULATIONS ANDRESSAALVES9OFICIAL YOU DESERVE MORE THAN THINK THINKING IT WAS I WAS THE DOLLING HEAD TO PLAY FOOTBALL WITH THEM NOW I SEE THE TEXT OF THE LADY ALSO HAVE THE DOLL HEAD TO PLAY FOOTBALL GOODS ANDRESSAALVES9OFICIALYour within the Field Success in your career of this congratulations on your achievement if I was like the lady doesn't retire if it would be the best thing that would happen to our selection that we don't want to lose the best in the world that is the lady I will pray so that IThis day takes time to come to your life that I want to scream with many goals from the lady we are together with this,instagram,1
samumtiti,We are building a quality team for the umititi champions league and we want you to be a part of it Come to beÅiktaÅ,instagram,1
danialves,"Hello everyone, I am reading every thing that I am being checked with you and then you say that you respect everyone here is innocent until that is not proven to start what you cannot know is to say goodbye to their work whenIt still has the presumption of innocence Second point The security protocol seems to me a real shit, that is, I say an uncle I have a tit and immediately they can stop him between 24 and 48 hours and without evidence just for being a man he takesRead a little before judging a man and every case you have read all the women who have come to lie on issues like these because they know the consequences for the man you have read cases where the woman locked the jail man and at the same time say that he liedReading cases where it is the woman who kills and attacks the man and listenedTo say that they do not want anything with her and continue harassing the man I do so sentenced what we want and the first thing we want as is the law now I can keep an uncle I want to put him in a mess I keep him with him I say I roast meI leave marks, I tell me, I leave marks, I tell me to penetrate me and run inside if I denounce it and say the use of force for this is already a rapist.A lover of justice but some and some comments I think you should wash your mouth a little before writing justice in this is wrong and for being men they are immediately clue as a rapist because you look, it is not already well evidence and tests andImages On the other hand, I didn't know that lady either, why he lies, I could not be fooling with an uncle in an album and not knowing that uncle on the other hand, he has the same woman what he hid it is not to say thetruth so that he will not know that he had sex with her but that under any circumstances",instagram,0
samumtiti,out of barca,instagram,0
antony00,Play a lot is marrentoboto faith,instagram,1
samumtiti,I love you,instagram,1
samumtiti,what lazio fans did is very unprofessional and so immature  so disappointed that racism is still happening in italy,instagram,0
andressaalves9oficial,Up 7,instagram,1
luissuarez9,Too,instagram,1
samumtiti,Come to besiktas,instagram,1
marcelotwelve,wonderful,instagram,1
marega11,Marega dripado,instagram,0
marcelotwelve,"Everyone says messi, but you are the real king of the match",instagram,1
samumtiti,Out,instagram,0
luissuarez9,Bora Pro Gremio,instagram,1
marcusrashford,You are a hero rashy,instagram,1
luissuarez9,"Without a doubt, many bags are going to go to Porto Alegre with Gremio the brotherhood is healthy and beautiful, you are always on the good side of you deeply an example to follow",instagram,1
marcelotwelve,Well andcast12 a real Madrid player is glad for the noodle and does not cry for MBAPPE,instagram,1
antony00,Congratulations brother goes with God,instagram,1
marcelotwelve,Go to Flow takes Cr7 and Navas,instagram,1
luissuarez9,The first bar,instagram,1
danialves,Lilo EGIIiiiiiiII,instagram,1
marcusrashford,salah so clear but he only tries in the ucl you wouldn't know much about that would ya,instagram,0
marega11,"Praise be to God for your safety, our Sheikh Moses",instagram,1
toniruediger,Thank God,instagram,1
jeffersonlerma,Come to Valencia,instagram,1
samumtiti,Umtiti finally returned the boat crack,instagram,0
mouctar_dkh,Boss,instagram,1
diego.costa,May God bless you in this new start Diego Costa upwards,instagram,1
samumtiti,Big Sam,instagram,1
marcusrashford,You are the king,instagram,1
antony00,Will play a lot in this World Cup,instagram,1
vinijr,Dance Viniiii,instagram,1
diego.costa,That is just amazing  Welcome back to PL diegocosta,instagram,1
samumtiti,t bg samuel,instagram,1
antony00,I always felt antony00 had something to do with hell yet I loved him  A king,instagram,1
marcelotwelve,"Hey you can send me a greeting, I'm from Mexico please Marcelo",instagram,1
samueletoo,We love you Etoo,instagram,1
luissuarez9,SÃ³ Vemmmm Luisito Tricolor awaits you,instagram,1
marcelotwelve,Hello,instagram,1
samumtiti,We love you outside the club respects the club and the fans,instagram,0
danialves,The new champion of the MX See U Liga Liege Dany,instagram,1
luissuarez9,bro come back to atletico,instagram,1
vinijr,Playing the thin to pick up just calling Uber flies mlk,instagram,1
antony00,Heart arrives bonnet,instagram,1
samumtiti,on you,instagram,1
toniruediger,Congratulations,instagram,1
samumtiti,F ing leave from Barcelona you've messed up your career the moment you played the sim and final lllleeeeeaaaaaave the club,instagram,0
vinijr,Let's Vini,instagram,1
toniruediger,"Jossss you, sir",instagram,1
marcelotwelve,Marcelo Cut your hair,instagram,0
samumtiti,Churro,instagram,0
marcelotwelve,Sape,instagram,1
antony00,How wonderful God,instagram,1
mujaids4,Vamos Muje,instagram,1
samueletoo,Incredible photo,instagram,1
antony00,You are my idol,instagram,1
marcelotwelve,I thought it was Salah,instagram,1
marcelotwelve,Back to his best position legend,instagram,1
marega11,Clear enough,instagram,1
marcelotwelve,I like you,instagram,1
samumtiti,AS,instagram,1
antogriezmann,Amaroo,instagram,1
samumtiti,Vocation,instagram,1
samueletoo,When God you like he will always give you beautiful colors,instagram,1
samumtiti,Big wiz,instagram,1
antony00,Good Goal Bro,instagram,1
antony00,Antooo,instagram,1
marcusrashford,Southgate shoulda had him on from the jump,instagram,0
samumtiti,Vocation,instagram,1
andressaalves9oficial,Dreamoooo to meet you,instagram,1
marega11,Mbappe ninja turtle,instagram,0
marega11,"Yabo Sarhad, your level is not tightening your tricks",instagram,0
marcelotwelve,Marcelo12 you doing good my man,instagram,1
danialves,You are big,instagram,1
mouctar_dkh,Renew please,instagram,1
antogriezmann,The best in all history,instagram,1
andressaalves9oficial,Amen,instagram,1
marcelotwelve,Craque Camao is ace at any age,instagram,1
samumtiti,You are so bad,instagram,0
luissuarez9,Vamo arrived and the others are not all retarded,instagram,0
samumtiti,I am sad that you are not in France Umtiti even if you were good at the World Cup in Russia,instagram,0
antony00,Wears the shirt and brings the hexa,instagram,0
antony00,he destroyed Chelsea,instagram,1
antogriezmann,FROM ARMENIA You would probably wonder what that person has to do with this comment but our country is in dangÐµr and the whole world is silÐµnt about it By using pages of famous people we are trying to open the worlds eyes demand them not to remain silent to speak and support usWe all need to hear your voiceWe are making an urgÐµnt callfrom the Republic of ArmÐµniaEarly in the morning on September 13th Azerbaijan organized military attaÑks on the sovereign territory of ArmÐµnia violating the ceasefirÐµ agreement AzerbaijaÕ¸ targeted not only military objects but also civil infrastructures and peaceful citizensWe have soldiers dÐµad and wounded The situation remains unstableA lot of people are talking about all thisWe want you to join as well on your pages and storiesPLEASE DO NOT BE INDIFFERENT,instagram,0
marcelotwelve,The weedken,instagram,1
vinijr,You are angry will be the best in the world bailavinijr,instagram,1
luissuarez9,PQP I TO SWEEZED,instagram,1
marega11,the fighter,instagram,1
marcusrashford,Beast,instagram,1
marcelotwelve,"Oe Marcelo, what a spiteful you are asere",instagram,0
marcelotwelve,Monstroooo,instagram,1
samumtiti,Should,instagram,1
samumtiti,You lack a lot of humility you are only in the money,instagram,0
luissuarez9,Come To aljazirafc ayedmabkhout adesmal hhmansoor,instagram,1
marcelotwelve,Hello how you doing,instagram,1
samumtiti,out,instagram,0
marcelotwelve,Siiuuuuu,instagram,1
toniruediger,Great Performance today,instagram,1
luissuarez9,Welcome Vamo Luisito,instagram,1
antony00,Kidney's seed,instagram,1
danialves,Merry Christmas Love,instagram,1
jeffersonlerma,Come to Valencia,instagram,1
samumtiti,Welcome to us among us,instagram,0
samumtiti,OUT,instagram,0
vinijr,I saw with my own eyes the one who said God was the devil himself In the name of God and under the pretext of religion our people were slaughteredHow will they face God in the Day of Resurrection free iran,instagram,0
luissuarez9,Luisito is tricolor,instagram,1
luissuarez9,See you,instagram,1
samumtiti,Play ball so bad nasty,instagram,0
luissuarez9,Conquer gun,instagram,1
samumtiti,Vocation,instagram,1
samumtiti,Don't get injured in that image,instagram,0
andressaalves9oficial,Good like that,instagram,1
marcelotwelve,VEEEEEEEEM FOR CABULOSE,instagram,1
marega11,It Movies,instagram,1
marcelotwelve,Forever hate you marcelotwelve,instagram,0
antony00,You are missing in SÃ£o Paulo,instagram,1
samumtiti,If you go out this season it would be a detail,instagram,0
samueletoo,GASSAMA CORRUPTION,instagram,0
marcelotwelve,Our goalkeeper likes to smell and get the gringas so the reason see,instagram,0
luissuarez9,The shirt fell like a glove,instagram,0
andressaalves9oficial,Andressaalves9oficial scored five goals since the beginning of the year in the championship is the best 2023 markrice in Serie A Asroma ASROMAWOMEN,instagram,1
vinijr,Life goal learning to smile with vinijr,instagram,1
marcusrashford,Play the game with Arsenal strong and strong and you must beat Arsenal This game will lead you to the championship Be ruthless against Arsenal,instagram,1
mouctar_dkh,Good luck to my Guinea,instagram,1
marcusrashford,Muhammad Rushfrad,instagram,1
vinijr,This without a doubt was your year brother and 2023 will be better,instagram,1
samumtiti,We will never nail your sacrifice you for me considers as hero national,instagram,0
marcusrashford,Best at man u rn,instagram,1
samumtiti,umtitiout,instagram,0
samumtiti,Go fuck yourself,instagram,0
marcelotwelve,Marcelo12 you doing good my man,instagram,1
sterling7,Love this what a guy you are,instagram,1
antogriezmann,Very clean,instagram,1
marega11,You must offer your best and do not relax you must play from your heart,instagram,0
diego.costa,Hes back,instagram,1
mouctar_dkh,Clownn,instagram,0
antony00,We are United,instagram,1
marega11,"Sheikh Musa, set your life, Sayer Mash",instagram,1
samumtiti,Come to BeÅiktaÅ,instagram,1
toniruediger,Rona L Darukuro Woman 4,instagram,1
marega11,"You upset me, what is the level, Sheikh",instagram,0
samumtiti,Dioss,instagram,0
samumtiti,Daviidmr Pahujes chases me Umtiti hehe came from Barcelona and came with me to Lecce,instagram,0
marega11,The beginning of the best Lord,instagram,1
samumtiti,Keep strong bro,instagram,1
mujaids4,Thanks for so much and forgive for so little,instagram,0
toniruediger,We are wealthy,instagram,1
antony00,Play a lot,instagram,1
marcusrashford,Let's go rashy,instagram,1
toniruediger,Love you,instagram,1
andressaalves9oficial,I'm your number 1 fan,instagram,1
samumtiti,Vocation,instagram,1
marega11,No u didn't fight to win all of u were dragging your legs for nothing,instagram,0
vinijr,GOT FUCK BROTHER VINIJR,instagram,0
antony00,Notic me I like you very much,instagram,1
antony00,Respect ronaldo,instagram,0
samumtiti,"You come back to Yelsi, unity, no boy, and she does not give birth",instagram,0
marcelotwelve,Brazil x croatia who wants to play in the BolÃ£o calls me in the PV accumulated value,instagram,1
marcelotwelve,Missed you in the Marcelotwelve Cup,instagram,1
samumtiti,umtiti out,instagram,0
vinijr,Brazil is with you God is with you not to be shaken who does this are sick people dead inside shine listen to your heart Jesus Christ bless you and illuminate you,instagram,1
danialves,He was getting his hand on the girl's panties,instagram,0
antony00,Kkkkk perisic customer as always,instagram,1
sterling7,Now sterling look like sterling,instagram,1
marega11,Our sheikh,instagram,1
jeffersonlerma,COME TO GALATASARAY,instagram,1
toniruediger,Monster RÃ¼diger,instagram,1
samumtiti,A sock that holds a shoe,instagram,0
luissuarez9,The Chinese with SuÃ¡rez,instagram,0
andressaalves9oficial,God bless goes from all right my love,instagram,1
toniruediger,He trains his Ulti where he used at World Cup,instagram,1
marega11,happy Eid,instagram,1
mouctar_dkh,Welcome,instagram,1
samumtiti,God takes you,instagram,1
vinijr,RIP  the goat,instagram,0
antogriezmann,Good luck Anto,instagram,1
samumtiti,Come to besiktas,instagram,1
marcelotwelve,You are too angry,instagram,0
sterling7,nice win,instagram,1
samumtiti,out,instagram,0
marcelotwelve,You were on fire my man Keep going like that legend,instagram,1
diego.costa,Best striker in the world DC 19 Tamo Together,instagram,1
antony00,Happy New Year my love I don't mind being the fourth no,instagram,1
antony00,Monday will be 3-0 Brazil outside the ball because sulcorean good is only the psy that sings gangnam style and remembering that Brazilian who cheers for Argentina has to go to Baralh0 Casa Comehexa,instagram,0
samumtiti,Come To BesiktaÅ,instagram,1
samueletoo,But how again and again team,instagram,0
marcelotwelve,To alnassrfc  pls,instagram,1
antony00,Wonderful amazing myth beautiful beautiful beautiful beautiful beautiful,instagram,1
marega11,"Your level is a lot, work on yourself",instagram,1
toniruediger,"Tour warrior from Real Madrid The first game in Real Madrid's jersey showed you too well, unfortunately you missed a blow to Ronald AraÃºjo",instagram,0
samumtiti,You don't have to thank Barcelona stay there greedy,instagram,0
samumtiti,You find another job,instagram,0
marcusrashford,Love you Marcus always inspiring everyone on and off the pitch eve though you just started 1 game you were still the best english player along with saka and foden for me,instagram,1
marcusrashford,having an incredible season,instagram,1
danialves,Cool but missing 5 minutes to end it was not to go up and,instagram,1
toniruediger,respected,instagram,1
jeffersonlerma,Came to Galatasaray bro,instagram,1
marcusrashford,one of a kind,instagram,1
samumtiti,Big Sam,instagram,1
danialves,It will become a young lady in jail,instagram,0
samumtiti,Vammmooosssss plane,instagram,1
samumtiti,soooo big,instagram,1
vinijr,Luck,instagram,1
vinijr,Tomorrow you have to win there is no other option,instagram,1
samumtiti,Wake up your more level,instagram,0
toniruediger,Monkey motherfucker,instagram,0
marcusrashford,Lets not focus on the hype my bro  you still gotta reach 25 goals,instagram,1
luissuarez9,Kiss the pistol immediately,instagram,0
samumtiti,From a angle u look like Chadwick Boseman,instagram,0
samumtiti,Respect,instagram,1
marcusrashford,Rashu,instagram,1
samumtiti,Come to BeÅiktaÅ Umtiti,instagram,1
samumtiti,Play football,instagram,0
samueletoo,"Unfortunately, sample was not present",instagram,0
marcelotwelve,Beautiful,instagram,1
mouctar_dkh,You know things,instagram,1
luissuarez9,Ricaardo,instagram,1
danialves,Retire,instagram,0
vinijr,Vini Jr Monster,instagram,1
antony00,Merry Christmas antony,instagram,1
samueletoo,Wild boar,instagram,0
antony00,Boaaa,instagram,0
marcusrashford,Marcus can i have your Shirt,instagram,1
samumtiti,Dot,instagram,1
marcelotwelve,Amazing,instagram,1
marcelotwelve,gay,instagram,0
antony00,I love you,instagram,1
samumtiti,COME TO FENERBAHCE UMTITI,instagram,1
mujaids4,Grande,instagram,1
andressaalves9oficial,Congratulations you deserve it,instagram,1
danialves,No one alves hahaha,instagram,0
antony00,How cute,instagram,1
mouctar_dkh,"Your true shameful face has been demonstrated, you represent your shirt or your trade",instagram,0
marega11,bad,instagram,0
samumtiti,Come to BeÅiktaÅ,instagram,1
toniruediger,Madrid aura,instagram,1
marcelotwelve,Levels,instagram,1
jeffersonlerma,And soon also back in FCFSeleccioncol,instagram,1
antogriezmann,GRANDE,instagram,1
marega11,Wow super,instagram,1
samumtiti,Only see you a few times a year on the pitch,instagram,0
marcelotwelve,Very nice sir,instagram,1
vinijr,Rip legend,instagram,0
samumtiti,the dollar looks sad,instagram,0
mahamadoudiarra_,Allah is the greatest,instagram,1
marcelotwelve,Nasser,instagram,1
marega11,The best,instagram,1
toniruediger,Bad boy,instagram,0
mujaids4,Eres Moi Grandegracias throughout,instagram,1
antony00,Played a lot against Croatia,instagram,1
andressaalves9oficial,Up my 7,instagram,1
toniruediger,"You failed, Rudi",instagram,0
marcelotwelve,Take for FLU,instagram,0
antogriezmann,You are great,instagram,1
samumtiti,Vocation,instagram,1
balotelliclub,Jalarzah,instagram,1
samumtiti,I need one samy,instagram,1
toniruediger,"Don't be ashamed of what you did, you are a Muslim just shame about you",instagram,0
samumtiti,Vocation,instagram,1
antony00,Gatoooooooo,instagram,0
luissuarez9,Welcome Louiso Luissuaz9,instagram,1
marcelotwelve, two great finished btw but right foot fifa movements out here,instagram,1
sterling7,Youre finished,instagram,0
samueletoo,Bye bye,instagram,0
p.diop23,That his soul rests in peace,instagram,0
luissuarez9,Don't forget to buy rice,instagram,0
mouctar_dkh,Clown,instagram,0
mujaids4,You leave,instagram,0
mujaids4,Pre season vibes,instagram,1
samumtiti,Come to FenerbahÃ§e bro,instagram,1
antony00,Lets do it gentlemen God bless you,instagram,1
toniruediger,THE BEST,instagram,1
toniruediger,Keep seeing,instagram,1
vinijr,Our Hexa Craque,instagram,1
sterling7,Women life freedom,instagram,1
marega11,Best duo,instagram,1
marega11,"To solve all the problems of sexual ability in men, write to me",instagram,0
samumtiti,But first you have to play,instagram,0
samumtiti,It is the first time that Lecce screams the name of a footballer you are the largest,instagram,0
marega11,It is sufficient to adjust the charcoal with you,instagram,0
toniruediger,Beast,instagram,0
marcusrashford,You dont look that happy mate,instagram,0
toniruediger,Come on a football and Orek yourself dismantled you from a little,instagram,0
vinijr,Congratulations my love I am very proud to have someone with you in our Brazilian selection was not yet of this veter but you deserve all good shine very much but there is still a lot of pantry there for you to represent us and,instagram,1
marega11,Black as night Beautiful skin beautiful black family yet you choose to be with a white woman Like Malcolm X said  Who taught you to hate yourself,instagram,0
samumtiti,Come to besiktas,instagram,1
samumtiti,Out,instagram,0
jeffersonlerma,Come to Galatasaray,instagram,1
samumtiti,You are back,instagram,1
samumtiti,Respect,instagram,1
marcusrashford,Keep smashing it bro Hard Work Never stops,instagram,1
antony00,You are light,instagram,1
antogriezmann,and far from being the last,instagram,1
marega11,wow,instagram,1
samueletoo,COLDSTONEEVER we live more in a jungle you know it or not yet unless you are animals in an ahhh cage yes oupss I forgot to try to get your harsh colonizer out to try to box the other go ciao,instagram,0
samueletoo,Go outside the World Cup,instagram,0
marega11,You are a minute,instagram,0
marega11,Winter,instagram,1
neymarjr,You are giant neymarjr,instagram,1
